{
  "loan information" : {
    "transaction" : "loan information",
    "sampleCount" : 1,
    "errorCount" : 0,
    "errorPct" : 0.0,
    "meanResTime" : 806.0,
    "minResTime" : 806.0,
    "maxResTime" : 806.0,
    "pct1ResTime" : 806.0,
    "pct2ResTime" : 806.0,
    "pct3ResTime" : 806.0,
    "throughput" : 1.2406947890818858,
    "receivedKBytesPerSec" : 6.8080703318858555,
    "sentKBytesPerSec" : 0.3695428815136476
  },
  "open third-party account interface" : {
    "transaction" : "open third-party account interface",
    "sampleCount" : 1,
    "errorCount" : 0,
    "errorPct" : 0.0,
    "meanResTime" : 1192.0,
    "minResTime" : 1192.0,
    "maxResTime" : 1192.0,
    "pct1ResTime" : 1192.0,
    "pct2ResTime" : 1192.0,
    "pct3ResTime" : 1192.0,
    "throughput" : 0.8389261744966443,
    "receivedKBytesPerSec" : 0.14337117239932887,
    "sentKBytesPerSec" : 0.46288407088926176
  },
  "Image_verification_code" : {
    "transaction" : "Image_verification_code",
    "sampleCount" : 1,
    "errorCount" : 0,
    "errorPct" : 0.0,
    "meanResTime" : 821.0,
    "minResTime" : 821.0,
    "maxResTime" : 821.0,
    "pct1ResTime" : 821.0,
    "pct2ResTime" : 821.0,
    "pct3ResTime" : 821.0,
    "throughput" : 1.2180267965895248,
    "receivedKBytesPerSec" : 2.422969320950061,
    "sentKBytesPerSec" : 0.2914224269183922
  },
  "recharge" : {
    "transaction" : "recharge",
    "sampleCount" : 1,
    "errorCount" : 0,
    "errorPct" : 0.0,
    "meanResTime" : 385.0,
    "minResTime" : 385.0,
    "maxResTime" : 385.0,
    "pct1ResTime" : 385.0,
    "pct2ResTime" : 385.0,
    "pct3ResTime" : 385.0,
    "throughput" : 2.5974025974025974,
    "receivedKBytesPerSec" : 6.232244318181818,
    "sentKBytesPerSec" : 0.9410511363636364
  },
  "Total" : {
    "transaction" : "Total",
    "sampleCount" : 11,
    "errorCount" : 0,
    "errorPct" : 0.0,
    "meanResTime" : 770.1818181818182,
    "minResTime" : 314.0,
    "maxResTime" : 1436.0,
    "pct1ResTime" : 1391.2000000000003,
    "pct2ResTime" : 1436.0,
    "pct3ResTime" : 1436.0,
    "throughput" : 1.2744757270304716,
    "receivedKBytesPerSec" : 2.4498356215965704,
    "sentKBytesPerSec" : 0.5450239326265786
  },
  "Sign in" : {
    "transaction" : "Sign in",
    "sampleCount" : 1,
    "errorCount" : 0,
    "errorPct" : 0.0,
    "meanResTime" : 860.0,
    "minResTime" : 860.0,
    "maxResTime" : 860.0,
    "pct1ResTime" : 860.0,
    "pct2ResTime" : 860.0,
    "pct3ResTime" : 860.0,
    "throughput" : 1.1627906976744187,
    "receivedKBytesPerSec" : 0.4280977470930233,
    "sentKBytesPerSec" : 0.3054596656976744
  },
  "investment" : {
    "transaction" : "investment",
    "sampleCount" : 1,
    "errorCount" : 0,
    "errorPct" : 0.0,
    "meanResTime" : 321.0,
    "minResTime" : 321.0,
    "maxResTime" : 321.0,
    "pct1ResTime" : 321.0,
    "pct2ResTime" : 321.0,
    "pct3ResTime" : 321.0,
    "throughput" : 3.115264797507788,
    "receivedKBytesPerSec" : 7.915936526479751,
    "sentKBytesPerSec" : 1.0647877725856698
  },
  "third-party recharge interface" : {
    "transaction" : "third-party recharge interface",
    "sampleCount" : 1,
    "errorCount" : 0,
    "errorPct" : 0.0,
    "meanResTime" : 1212.0,
    "minResTime" : 1212.0,
    "maxResTime" : 1212.0,
    "pct1ResTime" : 1212.0,
    "pct2ResTime" : 1212.0,
    "pct3ResTime" : 1212.0,
    "throughput" : 0.8250825082508251,
    "receivedKBytesPerSec" : 0.1369765882838284,
    "sentKBytesPerSec" : 0.4576629537953795
  },
  "Third party interface" : {
    "transaction" : "Third party interface",
    "sampleCount" : 1,
    "errorCount" : 0,
    "errorPct" : 0.0,
    "meanResTime" : 314.0,
    "minResTime" : 314.0,
    "maxResTime" : 314.0,
    "pct1ResTime" : 314.0,
    "pct2ResTime" : 314.0,
    "pct3ResTime" : 314.0,
    "throughput" : 3.1847133757961785,
    "receivedKBytesPerSec" : 6.6431130573248405,
    "sentKBytesPerSec" : 0.9485718550955414
  },
  "third-party investment interface" : {
    "transaction" : "third-party investment interface",
    "sampleCount" : 1,
    "errorCount" : 0,
    "errorPct" : 0.0,
    "meanResTime" : 1436.0,
    "minResTime" : 1436.0,
    "maxResTime" : 1436.0,
    "pct1ResTime" : 1436.0,
    "pct2ResTime" : 1436.0,
    "pct3ResTime" : 1436.0,
    "throughput" : 0.6963788300835655,
    "receivedKBytesPerSec" : 0.12173028377437327,
    "sentKBytesPerSec" : 0.547446248259053
  },
  "user investment list" : {
    "transaction" : "user investment list",
    "sampleCount" : 1,
    "errorCount" : 0,
    "errorPct" : 0.0,
    "meanResTime" : 784.0,
    "minResTime" : 784.0,
    "maxResTime" : 784.0,
    "pct1ResTime" : 784.0,
    "pct2ResTime" : 784.0,
    "pct3ResTime" : 784.0,
    "throughput" : 1.2755102040816326,
    "receivedKBytesPerSec" : 7.030253507653061,
    "sentKBytesPerSec" : 0.4023337850765306
  },
  "authentication information" : {
    "transaction" : "authentication information",
    "sampleCount" : 1,
    "errorCount" : 0,
    "errorPct" : 0.0,
    "meanResTime" : 341.0,
    "minResTime" : 341.0,
    "maxResTime" : 341.0,
    "pct1ResTime" : 341.0,
    "pct2ResTime" : 341.0,
    "pct3ResTime" : 341.0,
    "throughput" : 2.932551319648094,
    "receivedKBytesPerSec" : 0.7331378299120234,
    "sentKBytesPerSec" : 2.0361757697947214
  }
}